;nino34
1991-01-01;27.05
1991-02-01;26.87
1991-03-01;27.16
1991-04-01;27.94
1991-05-01;28.28
1991-06-01;28.58
1991-07-01;27.7
1991-08-01;27.17
1991-09-01;27.08
1991-10-01;27.62
1991-11-01;27.88
1991-12-01;28.16
1992-01-01;28.28
1992-02-01;28.45
1992-03-01;28.52
1992-04-01;28.93
1992-05-01;28.75
1992-06-01;27.97
1992-07-01;27.5
1992-08-01;26.69
1992-09-01;26.56
1992-10-01;26.35
1992-11-01;26.59
1992-12-01;26.79
1993-01-01;26.83
1993-02-01;26.9
1993-03-01;27.64
1993-04-01;28.38
1993-05-01;28.73
1993-06-01;28.36
1993-07-01;27.64
1993-08-01;26.94
1993-09-01;27.07
1993-10-01;27.05
1993-11-01;27.02
1993-12-01;26.79
1994-01-01;26.37
1994-02-01;26.69
1994-03-01;27.23
1994-04-01;27.76
1994-05-01;27.97
1994-06-01;27.97
1994-07-01;27.3
1994-08-01;27.33
1994-09-01;27.02
1994-10-01;27.61
1994-11-01;27.94
1994-12-01;27.77
1995-01-01;27.36
1995-02-01;27.51
1995-03-01;27.45
1995-04-01;27.95
1995-05-01;27.57
1995-06-01;27.47
1995-07-01;27.05
1995-08-01;26.26
1995-09-01;25.72
1995-10-01;25.56
1995-11-01;25.54
1995-12-01;25.49
1996-01-01;25.71
1996-02-01;25.76
1996-03-01;26.45
1996-04-01;27.24
1996-05-01;27.15
1996-06-01;27.18
1996-07-01;27.09
1996-08-01;26.47
1996-09-01;26.26
1996-10-01;26.32
1996-11-01;26.19
1996-12-01;25.86
1997-01-01;25.83
1997-02-01;26.26
1997-03-01;26.93
1997-04-01;27.92
1997-05-01;28.45
1997-06-01;28.86
1997-07-01;29.0
1997-08-01;28.85
1997-09-01;28.94
1997-10-01;29.29
1997-11-01;29.44
1997-12-01;29.39
1998-01-01;29.15
1998-02-01;28.92
1998-03-01;28.73
1998-04-01;28.66
1998-05-01;28.38
1998-06-01;26.74
1998-07-01;25.76
1998-08-01;25.3
1998-09-01;25.59
1998-10-01;25.35
1998-11-01;25.14
1998-12-01;24.6
1999-01-01;24.73
1999-02-01;25.31
1999-03-01;26.2
1999-04-01;26.84
1999-05-01;27.03
1999-06-01;26.67
1999-07-01;26.45
1999-08-01;25.67
1999-09-01;25.69
1999-10-01;25.62
1999-11-01;25.09
1999-12-01;24.72
2000-01-01;24.64
2000-02-01;25.14
2000-03-01;26.16
2000-04-01;27.1
2000-05-01;27.2
2000-06-01;27.07
2000-07-01;26.71
2000-08-01;26.43
2000-09-01;26.34
2000-10-01;26.09
2000-11-01;25.87
2000-12-01;25.67
2001-01-01;25.87
2001-02-01;25.95
2001-03-01;26.85
2001-04-01;27.66
2001-05-01;27.67
2001-06-01;27.72
2001-07-01;27.46
2001-08-01;26.84
2001-09-01;26.5
2001-10-01;26.51
2001-11-01;26.48
2001-12-01;26.17
2002-01-01;26.46
2002-02-01;26.93
2002-03-01;27.22
2002-04-01;27.82
2002-05-01;28.06
2002-06-01;28.41
2002-07-01;28.01
2002-08-01;27.81
2002-09-01;27.82
2002-10-01;27.99
2002-11-01;28.22
2002-12-01;28.03
2003-01-01;27.59
2003-02-01;27.3
2003-03-01;27.71
2003-04-01;27.68
2003-05-01;27.37
2003-06-01;27.44
2003-07-01;27.36
2003-08-01;26.76
2003-09-01;26.89
2003-10-01;27.11
2003-11-01;27.09
2003-12-01;26.89
2004-01-01;26.56
2004-02-01;26.73
2004-03-01;27.05
2004-04-01;27.68
2004-05-01;27.97
2004-06-01;27.69
2004-07-01;27.71
2004-08-01;27.51
2004-09-01;27.44
2004-10-01;27.37
2004-11-01;27.29
2004-12-01;27.29
2005-01-01;26.99
2005-02-01;26.83
2005-03-01;27.51
2005-04-01;27.95
2005-05-01;28.11
2005-06-01;28.01
2005-07-01;27.45
2005-08-01;26.81
2005-09-01;26.6
2005-10-01;26.76
2005-11-01;26.26
2005-12-01;25.86
2006-01-01;25.69
2006-02-01;26.03
2006-03-01;26.42
2006-04-01;27.49
2006-05-01;27.84
2006-06-01;27.84
2006-07-01;27.38
2006-08-01;27.23
2006-09-01;27.4
2006-10-01;27.48
2006-11-01;27.68
2006-12-01;27.75
2007-01-01;27.24
2007-02-01;26.83
2007-03-01;27.09
2007-04-01;27.56
2007-05-01;27.46
2007-06-01;27.56
2007-07-01;26.74
2007-08-01;26.21
2007-09-01;25.53
2007-10-01;25.1
2007-11-01;25.0
2007-12-01;24.98
2008-01-01;24.77
2008-02-01;24.86
2008-03-01;26.0
2008-04-01;26.79
2008-05-01;27.11
2008-06-01;27.16
2008-07-01;27.15
2008-08-01;26.81
2008-09-01;26.43
2008-10-01;26.31
2008-11-01;26.24
2008-12-01;25.67
2009-01-01;25.52
2009-02-01;26.05
2009-03-01;26.66
2009-04-01;27.46
2009-05-01;27.98
2009-06-01;28.11
2009-07-01;27.9
2009-08-01;27.5
2009-09-01;27.45
2009-10-01;27.54
2009-11-01;28.12
2009-12-01;28.18
2010-01-01;28.0
2010-02-01;27.85
2010-03-01;28.21
2010-04-01;28.31
2010-05-01;27.62
2010-06-01;26.96
2010-07-01;26.1
2010-08-01;25.47
2010-09-01;25.19
2010-10-01;25.05
2010-11-01;25.0
2010-12-01;24.8
2011-01-01;24.84
2011-02-01;25.51
2011-03-01;26.2
2011-04-01;27.08
2011-05-01;27.42
2011-06-01;27.4
2011-07-01;26.9
2011-08-01;26.17
2011-09-01;25.93
2011-10-01;25.7
2011-11-01;25.45
2011-12-01;25.51
2012-01-01;25.46
2012-02-01;25.98
2012-03-01;26.62
2012-04-01;27.36
2012-05-01;27.69
2012-06-01;27.87
2012-07-01;27.67
2012-08-01;27.56
2012-09-01;27.15
2012-10-01;26.97
2012-11-01;26.91
2012-12-01;26.42
2013-01-01;26.15
2013-02-01;26.47
2013-03-01;27.17
2013-04-01;27.67
2013-05-01;27.57
2013-06-01;27.39
2013-07-01;26.96
2013-08-01;26.61
2013-09-01;26.68
2013-10-01;26.47
2013-11-01;26.76
2013-12-01;26.52
2014-01-01;26.2
2014-02-01;26.26
2014-03-01;27.12
2014-04-01;27.95
2014-05-01;28.22
2014-06-01;28.02
2014-07-01;27.31
2014-08-01;27.08
2014-09-01;27.15
2014-10-01;27.19
2014-11-01;27.45
2014-12-01;27.28
2015-01-01;27.05
2015-02-01;27.24
2015-03-01;27.67
2015-04-01;28.49
2015-05-01;28.74
2015-06-01;28.77
2015-07-01;28.67
2015-08-01;28.76
2015-09-01;28.83
2015-10-01;29.06
2015-11-01;29.43
2015-12-01;29.18
2016-01-01;28.91
2016-02-01;28.8
2016-03-01;28.71
2016-04-01;28.79
2016-05-01;28.23
2016-06-01;27.61
2016-07-01;26.92
2016-08-01;26.43
2016-09-01;26.26
2016-10-01;26.19
2016-11-01;26.23
2016-12-01;26.19
2017-01-01;26.2
2017-02-01;26.74
2017-03-01;27.34
2017-04-01;28.03
2017-05-01;28.3
2017-06-01;28.13
2017-07-01;27.65
2017-08-01;26.76
2017-09-01;26.35
2017-10-01;26.25
2017-11-01;25.88
2017-12-01;25.68
2018-01-01;25.8
2018-02-01;25.98
2018-03-01;26.44
2018-04-01;27.25
2018-05-01;27.68
2018-06-01;27.85
2018-07-01;27.57
2018-08-01;27.05
2018-09-01;26.99
2018-10-01;27.46
2018-11-01;27.51
2018-12-01;27.37
2019-01-01;27.11
2019-02-01;27.31
2019-03-01;28.08
2019-04-01;28.45
2019-05-01;28.57
2019-06-01;28.25
2019-07-01;27.66
2019-08-01;26.84
2019-09-01;26.58
2019-10-01;27.17
2019-11-01;27.16
2019-12-01;26.98
2020-01-01;27.02
2020-02-01;27.05
2020-03-01;27.6
2020-04-01;28.12
2020-05-01;27.55
2020-06-01;27.25
2020-07-01;27.03
2020-08-01;26.21
2020-09-01;25.79
2020-10-01;25.38
2020-11-01;25.31
2020-12-01;25.45
2021-01-01;25.54
2021-02-01;25.9
2021-03-01;26.65
2021-04-01;27.22
2021-05-01;27.53
2021-06-01;27.59
2021-07-01;27.06
2021-08-01;26.47
2021-09-01;26.29
2021-10-01;25.77
2021-11-01;25.76
2021-12-01;25.59
2022-01-01;25.67
2022-02-01;25.93
2022-03-01;26.17
2022-04-01;26.69
2022-05-01;26.78
2022-06-01;26.99
2022-07-01;26.64
2022-08-01;25.95
2022-09-01;25.76
2022-10-01;25.81
2022-11-01;25.7
2022-12-01;25.7
2023-01-01;25.83
2023-02-01;26.23
2023-03-01;27.2
2023-04-01;27.93
2023-05-01;28.38
2023-06-01;28.62
2023-07-01;28.37
2023-08-01;28.23
2023-09-01;28.34
2023-10-01;28.36
2023-11-01;28.57
2023-12-01;28.58
2024-01-01;28.34
2024-02-01;28.29
2024-03-01;28.52
2024-04-01;28.7
2024-05-01;28.15
2024-06-01;27.99
2024-07-01;27.41
2024-08-01;26.87
2024-09-01;26.38
2024-10-01;26.21
2024-11-01;26.47
2024-12-01;25.87
2025-01-01;25.73
2025-02-01;26.26
2025-03-01;27.28
2025-04-01;27.67
2025-05-01;27.84
2025-06-01;27.67
2025-07-01;27.14
2025-08-01;26.52
2025-09-01;26.25
2025-10-01;26.16
2025-11-01;26.03
2025-12-01;25.93
2026-01-01;25.98
2026-02-01;26.43
2026-03-01;27.23
2026-04-01;28.27
2026-05-01;28.88
2026-06-01;29.2
2026-07-01;29.37
2026-08-01;29.51
